requirement_id,title,classification,work_package_id,gate,actors,ui_ids,commands,operation_ids,operation_sets,permissions_or_capabilities,tables,events,event_sets,test_ids,e2e_ids,status
DEMO-ENV-001,Inicialização local,DEMO-MUST,WP-DEMO-ENV-001,G1_FOUNDATION,SYSTEM_DEMO_MAINTENANCE,,,getLiveness; getReadiness,,,,,,TST-API-GET-LIVENESS-001; TST-API-GET-READINESS-001; TST-DEMO-ENV-001,,COMPLETE_V2.1.3
DEMO-ENV-002,Identificação visual da demo,DEMO-MUST,WP-DEMO-ENV-002,G1_FOUNDATION,DEMO_ATTENDANT; DEMO_OPERATIONS_ANALYST; DEMO_SUPERVISOR; DEMO_MANAGER; DEMO_ADMIN; EXTERNAL_SUPPLIER; EXTERNAL_DRIVER,UI-DEMO-SHELL; UI-DEMO-SUPPLIER; UI-DEMO-DRIVER,,,,,,,,TST-DEMO-BANNER-001,,COMPLETE_V2.1.3
DEMO-ENV-003,Bloqueio fora do modo demo,TECHNICAL-SUPPORT,WP-DEMO-ENV-003,G1_FOUNDATION,ANONYMOUS; DEMO_ADMIN; FAKE_EMAIL_ADAPTER,UI-DEMO-IDENTITY; UI-DEMO-ADMIN,,createDemoSession; advanceDemoClock; resetDemoScenario; receiveDemoEmail,,DEMO_MODE guard,,,,TST-API-ADVANCE-DEMO-CLOCK-001; TST-API-CREATE-DEMO-SESSION-001; TST-API-POLICY-001; TST-API-RECEIVE-DEMO-EMAIL-001; TST-API-RESET-DEMO-SCENARIO-001; TST-DEMO-MODE-001,,COMPLETE_V2.1.3
DEMO-DATA-001,Seed determinístico,TECHNICAL-SUPPORT,WP-DEMO-DATA-001,G1_FOUNDATION,SYSTEM_DEMO_MAINTENANCE,,,,,,demo_seed_manifest; demo_scenario; operating_unit; team; app_user; customer; vehicle; driver; supplier; case_record; vehicle_stop,,,TST-DEMO-SEED-001; TST-SM-CROSS-010,,COMPLETE_V2.1.3
DEMO-DATA-002,Reset determinístico,DEMO-MUST,WP-DEMO-DATA-002,G1_FOUNDATION,DEMO_ADMIN; SYSTEM_DEMO_MAINTENANCE,UI-DEMO-ADMIN,ResetDemoScenario,resetDemoScenario; getDemoReset,,demo.reset; demo.read_status,demo_reset_execution; demo_clock; demo_seed_manifest; demo_generation; demo_runtime_control; worker_lease,DemoResetRequested,,TST-API-GET-DEMO-RESET-001; TST-API-POLICY-001; TST-API-POLICY-009; TST-API-RESET-DEMO-SCENARIO-001; TST-AUDIT-003; TST-DATA-RESET-001; TST-DATA-RESET-002; TST-DATA-RESET-003; TST-DATA-RESET-004; TST-DATA-RESET-005; TST-DEMO-RESET-001; TST-EVT-CONTRACT-011,E2E-DEMO-000,COMPLETE_V2.1.3
DEMO-DATA-003,Exclusão de dados reais,TECHNICAL-SUPPORT,WP-DEMO-DATA-003,G1_FOUNDATION,SYSTEM_DEMO_MAINTENANCE,,,,,,app_user; customer; vehicle; vehicle_registration; driver; supplier; conversation; communication; phone_call,,,TST-DEMO-DATA-001; TST-DEMO-SEED-001,,COMPLETE_V2.1.3
DEMO-IAM-001,Seleção de identidade,DEMO-MUST,WP-DEMO-IAM-001,G1_FOUNDATION,DEMO_ATTENDANT; DEMO_OPERATIONS_ANALYST; DEMO_SUPERVISOR; DEMO_MANAGER; DEMO_ADMIN,UI-DEMO-IDENTITY; UI-DEMO-SHELL,,createDemoSession; deleteDemoSession; getCurrentSession,,,app_user; role; permission; role_permission; user_role; demo_internal_session,,,TST-API-CREATE-DEMO-SESSION-001; TST-API-DELETE-DEMO-SESSION-001; TST-API-GET-CURRENT-SESSION-001; TST-API-POLICY-001; TST-API-POLICY-007; TST-AUTH-SESSION-001; TST-AUTH-SESSION-003; TST-DATA-IAM-001; TST-DATA-RESET-005,,COMPLETE_V2.1.3
DEMO-IAM-002,Sessão da demo,TECHNICAL-SUPPORT,WP-DEMO-IAM-002,G1_FOUNDATION,DEMO_ATTENDANT; DEMO_OPERATIONS_ANALYST; DEMO_SUPERVISOR; DEMO_MANAGER; DEMO_ADMIN,UI-DEMO-SHELL,,createDemoSession; deleteDemoSession; getCurrentSession,,session.read,demo_internal_session,,,TST-API-CREATE-DEMO-SESSION-001; TST-API-DELETE-DEMO-SESSION-001; TST-API-GET-CURRENT-SESSION-001; TST-API-POLICY-001; TST-API-POLICY-002; TST-API-POLICY-007; TST-AUTH-SESSION-003; TST-AUTH-SESSION-004; TST-AUTH-SESSION-005; TST-AUTH-SESSION-006; TST-DATA-IAM-002; TST-DATA-IAM-003,,COMPLETE_V2.1.3
DEMO-IAM-003,Autorização no servidor,TECHNICAL-SUPPORT,WP-DEMO-IAM-003,G1_FOUNDATION,DEMO_ATTENDANT; DEMO_OPERATIONS_ANALYST; DEMO_SUPERVISOR; DEMO_MANAGER; DEMO_ADMIN,,,,SET-API-INTERNAL-PROTECTED,all x-permission policies,user_operating_unit_scope; user_customer_scope; team_member; role_permission,,,TST-AUTH-SCOPE-001; TST-AUTH-SCOPE-002; TST-AUTH-SCOPE-003; TST-AUTH-SCOPE-004; TST-AUTH-SCOPE-005; TST-AUTH-SCOPE-006; TST-AUTH-SCOPE-007; TST-AUTH-SESSION-002; TST-DATA-IAM-001; TST-DATA-IAM-004,,COMPLETE_V2.1.3
DEMO-IAM-004,Separação do Demo Admin,TECHNICAL-SUPPORT,WP-DEMO-IAM-004,G1_FOUNDATION,DEMO_ADMIN,UI-DEMO-ADMIN,,getDemoStatus; advanceDemoClock; resetDemoScenario,,demo.read_status; demo.advance_clock; demo.reset,role_permission; user_role; user_operating_unit_scope; user_customer_scope,,,TST-API-ADVANCE-DEMO-CLOCK-001; TST-API-GET-DEMO-STATUS-001; TST-API-POLICY-001; TST-API-RESET-DEMO-SCENARIO-001; TST-AUTH-SESSION-007; TST-DATA-IAM-005,,COMPLETE_V2.1.3
DEMO-SEARCH-001,Busca por placa,DEMO-MUST,WP-DEMO-SEARCH-001,G3_PROJECTIONS,DEMO_ATTENDANT; DEMO_OPERATIONS_ANALYST; DEMO_SUPERVISOR; DEMO_MANAGER,UI-DEMO-SEARCH,,searchOperationalResources,,search.read,search_document; vehicle_registration,,,TST-API-SEARCH-OPERATIONAL-RESOURCES-001,E2E-DEMO-000,COMPLETE_V2.1.3
DEMO-SEARCH-002,Busca por número público,DEMO-MUST,WP-DEMO-SEARCH-002,G3_PROJECTIONS,DEMO_ATTENDANT; DEMO_OPERATIONS_ANALYST; DEMO_SUPERVISOR; DEMO_MANAGER,UI-DEMO-SEARCH,,searchOperationalResources,,search.read,search_document; case_record; vehicle_stop,,,TST-API-SEARCH-OPERATIONAL-RESOURCES-001,E2E-DEMO-000,COMPLETE_V2.1.3
DEMO-DASH-001,Lista de paradas ativas,DEMO-MUST,WP-DEMO-DASH-001,G3_PROJECTIONS,DEMO_ATTENDANT; DEMO_OPERATIONS_ANALYST; DEMO_SUPERVISOR; DEMO_MANAGER,UI-DEMO-DASHBOARD,,listStopDashboard,,dashboard.stop.read,stop_operational_projection,,SET-EVT-PROJECTIONS-V2,TST-API-LIST-STOP-DASHBOARD-001,E2E-DEMO-000,COMPLETE_V2.1.3
DEMO-DASH-002,Filtros do painel,DEMO-MUST,WP-DEMO-DASH-002,G3_PROJECTIONS,DEMO_ATTENDANT; DEMO_OPERATIONS_ANALYST; DEMO_SUPERVISOR; DEMO_MANAGER,UI-DEMO-DASHBOARD,,listStopDashboard,,dashboard.stop.read,stop_operational_projection,,,TST-API-LIST-STOP-DASHBOARD-001,E2E-DEMO-000,COMPLETE_V2.1.3
DEMO-METRIC-001,Contagem de paradas ativas,DEMO-MUST,WP-DEMO-METRIC-001,G3_PROJECTIONS,DEMO_ATTENDANT; DEMO_OPERATIONS_ANALYST; DEMO_SUPERVISOR; DEMO_MANAGER,UI-DEMO-DASHBOARD,,getDemoMetrics,,metrics.demo.read,demo_metric_projection; vehicle_stop,VehicleStopClosed,,TST-API-GET-DEMO-METRICS-001; TST-DATA-METRIC-001,E2E-DEMO-000,COMPLETE_V2.1.3
DEMO-METRIC-002,Contagem de paradas sem atualização,DEMO-MUST,WP-DEMO-METRIC-002,G3_PROJECTIONS,DEMO_ATTENDANT; DEMO_OPERATIONS_ANALYST; DEMO_SUPERVISOR; DEMO_MANAGER,UI-DEMO-DASHBOARD,,getDemoMetrics,,metrics.demo.read,demo_metric_projection; alert,AlertCreated; AlertResolved,,TST-API-GET-DEMO-METRICS-001; TST-DATA-METRIC-001,E2E-DEMO-000; E2E-DEMO-001,COMPLETE_V2.1.3
DEMO-METRIC-003,Contagem de tarefas abertas,DEMO-MUST,WP-DEMO-METRIC-003,G3_PROJECTIONS,DEMO_ATTENDANT; DEMO_OPERATIONS_ANALYST; DEMO_SUPERVISOR; DEMO_MANAGER,UI-DEMO-DASHBOARD,,getDemoMetrics,,metrics.demo.read,demo_metric_projection; task,TaskCreated; TaskCompleted; TaskCancelled,,TST-API-GET-DEMO-METRICS-001; TST-DATA-METRIC-001,E2E-DEMO-000; E2E-DEMO-004,COMPLETE_V2.1.3
DEMO-METRIC-004,Contagem de contatos telefônicos,DEMO-MUST,WP-DEMO-METRIC-004,G3_PROJECTIONS,DEMO_ATTENDANT; DEMO_OPERATIONS_ANALYST; DEMO_SUPERVISOR; DEMO_MANAGER,UI-DEMO-DASHBOARD,,getDemoMetrics,,metrics.demo.read,demo_metric_projection; phone_call,PhoneCallRecorded,,TST-API-GET-DEMO-METRICS-001; TST-DATA-METRIC-001,E2E-DEMO-000,COMPLETE_V2.1.3
DEMO-CASE-001,Iniciar trabalho no caso,DEMO-MUST,WP-DEMO-CASE-001,G2_DOMAIN,DEMO_ATTENDANT; DEMO_OPERATIONS_ANALYST; DEMO_SUPERVISOR,UI-DEMO-CASE,StartCaseWork,startCaseWork,,case.start_work,case_record; case_state_history,CaseWorkStarted,,TST-API-START-CASE-WORK-001; TST-DATA-CASE-001; TST-SM-CASE-001; TST-SM-CASE-002; TST-SM-CASE-003; TST-SM-CASE-004,E2E-DEMO-000,COMPLETE_V2.1.3
DEMO-CASE-002,Consultar visão operacional,DEMO-MUST,WP-DEMO-CASE-002,G3_PROJECTIONS,DEMO_ATTENDANT; DEMO_OPERATIONS_ANALYST; DEMO_SUPERVISOR; DEMO_MANAGER,UI-DEMO-CASE; UI-DEMO-TASKS; UI-DEMO-COMMUNICATION; UI-DEMO-TIMELINE,,getCaseOperationalView; getCaseTimeline; listCaseTasks; listCaseConversations,,case.read; task.read; communication.read; timeline.read,case_operational_projection; timeline_entry; contextual_rule_seed; stop_budget_context_seed,,,TST-API-GET-CASE-OPERATIONAL-VIEW-001; TST-API-GET-CASE-TIMELINE-001; TST-API-LIST-CASE-CONVERSATIONS-001; TST-API-LIST-CASE-TASKS-001; TST-DATA-CASE-003,E2E-DEMO-000,COMPLETE_V2.1.3
DEMO-CASE-003,Aguardar fornecedor,DEMO-MUST,WP-DEMO-CASE-003,G2_DOMAIN,DEMO_ATTENDANT; DEMO_OPERATIONS_ANALYST; DEMO_SUPERVISOR,UI-DEMO-CASE,WaitCaseForSupplier,waitCaseForSupplier,,case.wait_for_supplier,case_record; case_state_history,CaseWaitingForSupplier,,TST-API-POLICY-001; TST-API-WAIT-CASE-FOR-SUPPLIER-001; TST-DATA-CASE-001; TST-SM-CASE-001; TST-SM-CASE-002; TST-SM-CASE-003; TST-SM-CASE-004,E2E-DEMO-000,COMPLETE_V2.1.3
DEMO-CASE-004,Retomar após atualização,DEMO-MUST,WP-DEMO-CASE-004,G2_DOMAIN,SYSTEM,UI-DEMO-CASE,ResumeCaseAfterSupplierUpdate,,,internal system policy,case_record; case_state_history; consumer_receipt,CaseResumedAfterSupplierUpdate,,TST-SM-CASE-001; TST-SM-CASE-002; TST-SM-CASE-003; TST-SM-CASE-004,E2E-DEMO-000,COMPLETE_V2.1.3
DEMO-CASE-005,Resolver caso,DEMO-MUST,WP-DEMO-CASE-005,G2_DOMAIN,DEMO_ATTENDANT; DEMO_OPERATIONS_ANALYST; DEMO_SUPERVISOR,UI-DEMO-CASE,ResolveCase,resolveCase,,case.resolve,case_record; case_state_history,CaseResolved,,TST-API-POLICY-001; TST-API-RESOLVE-CASE-001; TST-DATA-CASE-001; TST-DATA-CASE-002; TST-SM-CASE-001; TST-SM-CASE-002; TST-SM-CASE-003; TST-SM-CASE-004; TST-SM-CROSS-001; TST-SM-CROSS-002; TST-SM-CROSS-003; TST-SM-CROSS-017,E2E-DEMO-000,COMPLETE_V2.1.3
DEMO-TASK-001,Criar tarefa,DEMO-MUST,WP-DEMO-TASK-001,G2_DOMAIN,DEMO_ATTENDANT; DEMO_OPERATIONS_ANALYST; DEMO_SUPERVISOR,UI-DEMO-TASKS,CreateTask,createTask,,task.create,task; task_state_history,TaskCreated,,TST-API-CREATE-TASK-001; TST-API-POLICY-001; TST-DATA-TASK-001; TST-DATA-TASK-005; TST-SM-TASK-001; TST-SM-TASK-002; TST-SM-TASK-003; TST-SM-TASK-004; TST-SM-TASK-005; TST-SM-TASK-006; TST-SM-TASK-007,E2E-DEMO-000; E2E-DEMO-004,COMPLETE_V2.1.3
DEMO-TASK-002,Atribuir tarefa,DEMO-MUST,WP-DEMO-TASK-002,G2_DOMAIN,DEMO_ATTENDANT; DEMO_OPERATIONS_ANALYST; DEMO_SUPERVISOR,UI-DEMO-TASKS,AssignTask,assignTask,,task.assign,task; task_state_history,TaskAssigned,,TST-API-ASSIGN-TASK-001; TST-API-POLICY-001; TST-DATA-TASK-005; TST-SM-TASK-001; TST-SM-TASK-002; TST-SM-TASK-003; TST-SM-TASK-004; TST-SM-TASK-005; TST-SM-TASK-006; TST-SM-TASK-007,E2E-DEMO-000; E2E-DEMO-004,COMPLETE_V2.1.3
DEMO-TASK-003,Iniciar tarefa,DEMO-MUST,WP-DEMO-TASK-003,G2_DOMAIN,DEMO_ATTENDANT; DEMO_OPERATIONS_ANALYST; DEMO_SUPERVISOR,UI-DEMO-TASKS,StartTask,startTask,,task.start,task; task_state_history,TaskStarted,,TST-API-START-TASK-001; TST-DATA-TASK-005; TST-SM-TASK-001; TST-SM-TASK-002; TST-SM-TASK-003; TST-SM-TASK-004; TST-SM-TASK-005; TST-SM-TASK-006; TST-SM-TASK-007,E2E-DEMO-000; E2E-DEMO-004,COMPLETE_V2.1.3
DEMO-TASK-004,Aguardar terceiro,DEMO-MUST,WP-DEMO-TASK-004,G2_DOMAIN,DEMO_ATTENDANT; DEMO_OPERATIONS_ANALYST; DEMO_SUPERVISOR,UI-DEMO-TASKS,WaitTaskForSupplier,waitTaskForSupplier,,task.wait_for_supplier,task; task_state_history,TaskWaitingForSupplier,,TST-API-POLICY-001; TST-API-WAIT-TASK-FOR-SUPPLIER-001; TST-SM-TASK-001; TST-SM-TASK-002; TST-SM-TASK-003; TST-SM-TASK-004; TST-SM-TASK-005; TST-SM-TASK-006; TST-SM-TASK-007,E2E-DEMO-000,COMPLETE_V2.1.3
DEMO-TASK-005,Retomar tarefa,DEMO-MUST,WP-DEMO-TASK-005,G2_DOMAIN,SYSTEM,UI-DEMO-TASKS,ResumeTaskAfterSupplierUpdate,,,internal system policy,task; task_state_history; consumer_receipt,TaskResumedAfterSupplierUpdate,,TST-SM-TASK-001; TST-SM-TASK-002; TST-SM-TASK-003; TST-SM-TASK-004; TST-SM-TASK-005; TST-SM-TASK-006; TST-SM-TASK-007,E2E-DEMO-000,COMPLETE_V2.1.3
DEMO-TASK-006,Concluir tarefa,DEMO-MUST,WP-DEMO-TASK-006,G2_DOMAIN,DEMO_ATTENDANT; DEMO_OPERATIONS_ANALYST; DEMO_SUPERVISOR,UI-DEMO-TASKS,CompleteTask,completeTask,,task.complete,task; task_state_history,TaskCompleted,,TST-API-COMPLETE-TASK-001; TST-API-POLICY-001; TST-DATA-TASK-001; TST-DATA-TASK-002; TST-DATA-TASK-005; TST-SM-CROSS-002; TST-SM-CROSS-005; TST-SM-CROSS-017; TST-SM-TASK-001; TST-SM-TASK-002; TST-SM-TASK-003; TST-SM-TASK-004; TST-SM-TASK-005; TST-SM-TASK-006; TST-SM-TASK-007,E2E-DEMO-000; E2E-DEMO-004,COMPLETE_V2.1.3
DEMO-TASK-007,Cancelar tarefa,DEMO-MUST,WP-DEMO-TASK-007,G2_DOMAIN,DEMO_SUPERVISOR,UI-DEMO-TASKS,CancelTask,cancelTask,,task.cancel,task; task_state_history; security_audit_record,TaskCancelled,,TST-API-CANCEL-TASK-001; TST-API-POLICY-001; TST-DATA-TASK-001; TST-DATA-TASK-003; TST-DATA-TASK-004; TST-SM-CROSS-002; TST-SM-CROSS-005; TST-SM-CROSS-017; TST-SM-TASK-001; TST-SM-TASK-002; TST-SM-TASK-003; TST-SM-TASK-004; TST-SM-TASK-005; TST-SM-TASK-006; TST-SM-TASK-007,,COMPLETE_V2.1.3
DEMO-TASK-008,Executar tarefas em paralelo,DEMO-MUST,WP-DEMO-TASK-008,G2_DOMAIN,DEMO_ATTENDANT; DEMO_OPERATIONS_ANALYST; DEMO_SUPERVISOR,UI-DEMO-TASKS,CreateTask; AssignTask; StartTask; CompleteTask,createTask; assignTask; startTask; completeTask,,task.create; task.assign; task.start; task.complete,task; task_state_history,TaskCreated; TaskAssigned; TaskStarted; TaskCompleted,,TST-API-ASSIGN-TASK-001; TST-API-COMPLETE-TASK-001; TST-API-CREATE-TASK-001; TST-API-POLICY-001; TST-API-START-TASK-001; TST-SM-CROSS-016,E2E-DEMO-000; E2E-DEMO-004,COMPLETE_V2.1.3
DEMO-STOP-001,Consultar visão operacional,DEMO-MUST,WP-DEMO-STOP-001,G3_PROJECTIONS,DEMO_ATTENDANT; DEMO_OPERATIONS_ANALYST; DEMO_SUPERVISOR; DEMO_MANAGER,UI-DEMO-STOP; UI-DEMO-TIMELINE,,getStopOperationalView; getStopTimeline,,stop.read; timeline.read,stop_operational_projection; timeline_entry; stop_budget_context_seed,,,TST-API-GET-STOP-OPERATIONAL-VIEW-001; TST-API-GET-STOP-TIMELINE-001; TST-DATA-CASE-003; TST-DATA-STOP-001; TST-SM-CROSS-010,E2E-DEMO-000,COMPLETE_V2.1.3
DEMO-STOP-002,Preparar chegada,DEMO-MUST,WP-DEMO-STOP-002,G2_DOMAIN,DEMO_OPERATIONS_ANALYST; DEMO_SUPERVISOR,UI-DEMO-STOP,PrepareStopForArrival,prepareStopForArrival,,stop.prepare_arrival,vehicle_stop; stop_state_history,StopPreparedForArrival,,TST-API-PREPARE-STOP-FOR-ARRIVAL-001; TST-DATA-STOP-002; TST-SM-STOP-001; TST-SM-STOP-002; TST-SM-STOP-003; TST-SM-STOP-004; TST-SM-STOP-005; TST-SM-STOP-006; TST-SM-STOP-007; TST-SM-STOP-008; TST-SM-STOP-009; TST-SM-STOP-010; TST-SM-STOP-011,E2E-DEMO-000,COMPLETE_V2.1.3
DEMO-STOP-003,Registrar relato de chegada,DEMO-MUST,WP-DEMO-STOP-003,G2_DOMAIN,DEMO_ATTENDANT; DEMO_OPERATIONS_ANALYST; DEMO_SUPERVISOR,UI-DEMO-STOP,ReportArrival,reportArrivalInternal,,stop.report_arrival,arrival_report; vehicle_stop,ArrivalReported,,TST-API-POLICY-001; TST-API-REPORT-ARRIVAL-INTERNAL-001; TST-DATA-EVT-005; TST-SM-ARRIVAL-001; TST-SM-ARRIVAL-002; TST-SM-ARRIVAL-003; TST-SM-ARRIVAL-004; TST-SM-ARRIVAL-005; TST-SM-STOP-001; TST-SM-STOP-002; TST-SM-STOP-003; TST-SM-STOP-004; TST-SM-STOP-005; TST-SM-STOP-006; TST-SM-STOP-007; TST-SM-STOP-008; TST-SM-STOP-009; TST-SM-STOP-010; TST-SM-STOP-011,E2E-DEMO-000; E2E-DEMO-002,COMPLETE_V2.1.3
DEMO-STOP-004,Detectar conflito de chegada,DEMO-MUST,WP-DEMO-STOP-004,G2_DOMAIN,SYSTEM,UI-DEMO-STOP,EvaluateArrivalReports; CreateArrivalConflictTask,,,internal system policy,arrival_report; arrival_conflict; task; alert,ArrivalConflictDetected; TaskCreated; AlertCreated,,TST-EVT-CONTRACT-001; TST-EVT-CONTRACT-008; TST-SM-ARRIVAL-001; TST-SM-ARRIVAL-002; TST-SM-ARRIVAL-003; TST-SM-ARRIVAL-004; TST-SM-ARRIVAL-005; TST-SM-CROSS-003; TST-SM-CROSS-006,E2E-DEMO-002,COMPLETE_V2.1.3
DEMO-STOP-005,Confirmar chegada,DEMO-MUST,WP-DEMO-STOP-005,G2_DOMAIN,DEMO_OPERATIONS_ANALYST; DEMO_SUPERVISOR; SYSTEM,UI-DEMO-STOP,ConfirmArrival; CompleteArrivalConflictTask,confirmArrival,,stop.confirm_arrival; stop.confirm_arrival_conflict; internal system policy,arrival_confirmation; arrival_confirmation_report; arrival_conflict; task; alert,ArrivalConfirmed; TaskCompleted; AlertResolved,,TST-API-CONFIRM-ARRIVAL-001; TST-API-POLICY-001; TST-DATA-ARRIVAL-001; TST-DATA-STOP-002; TST-EVT-CONTRACT-008; TST-SM-ARRIVAL-001; TST-SM-ARRIVAL-002; TST-SM-ARRIVAL-003; TST-SM-ARRIVAL-004; TST-SM-ARRIVAL-005; TST-SM-CROSS-003; TST-SM-CROSS-006; TST-SM-CROSS-009; TST-SM-CROSS-012; TST-SM-STOP-001; TST-SM-STOP-002; TST-SM-STOP-003; TST-SM-STOP-004; TST-SM-STOP-005; TST-SM-STOP-006; TST-SM-STOP-007; TST-SM-STOP-008; TST-SM-STOP-009; TST-SM-STOP-010; TST-SM-STOP-011,E2E-DEMO-000; E2E-DEMO-002,COMPLETE_V2.1.3
DEMO-STOP-006,Iniciar serviço,DEMO-MUST,WP-DEMO-STOP-006,G2_DOMAIN,DEMO_OPERATIONS_ANALYST; DEMO_SUPERVISOR,UI-DEMO-STOP,StartService,startService,,stop.start_service,vehicle_stop; stop_state_history,ServiceStarted,,TST-API-POLICY-001; TST-API-START-SERVICE-001; TST-DATA-STOP-002; TST-SM-STOP-001; TST-SM-STOP-002; TST-SM-STOP-003; TST-SM-STOP-004; TST-SM-STOP-005; TST-SM-STOP-006; TST-SM-STOP-007; TST-SM-STOP-008; TST-SM-STOP-009; TST-SM-STOP-010; TST-SM-STOP-011,E2E-DEMO-000,COMPLETE_V2.1.3
DEMO-EXT-001,Emitir acesso de fornecedor,DEMO-MUST,WP-DEMO-EXT-001,G5_EXTERNAL,DEMO_ATTENDANT; DEMO_OPERATIONS_ANALYST; DEMO_SUPERVISOR,UI-DEMO-STOP,IssueSupplierAccess,issueSupplierAccess,,external_access.issue_supplier,external_action_token; external_action_capability,ExternalAccessTokenIssued,,TST-API-ISSUE-SUPPLIER-ACCESS-001; TST-API-POLICY-010; TST-AUTH-EXT-001; TST-AUTH-EXT-002; TST-AUTH-EXT-009; TST-AUTH-EXT-012; TST-DATA-EXT-001; TST-DATA-EXT-002; TST-DATA-EXT-006,E2E-DEMO-000,COMPLETE_V2.1.3
DEMO-EXT-002,Consultar contexto mínimo do fornecedor,DEMO-MUST,WP-DEMO-EXT-002,G5_EXTERNAL,EXTERNAL_SUPPLIER,UI-DEMO-SUPPLIER,,createExternalSession; getExternalContext,,VIEW_SUPPLIER_CONTEXT,external_session; external_action_token; external_action_capability,,,TST-API-CREATE-EXTERNAL-SESSION-001; TST-API-GET-EXTERNAL-CONTEXT-001; TST-API-POLICY-001; TST-API-POLICY-008; TST-API-POLICY-010; TST-AUTH-EXT-003; TST-AUTH-EXT-004; TST-AUTH-EXT-011; TST-AUTH-EXT-012; TST-AUTH-EXT-013; TST-AUTH-EXT-015; TST-AUTH-EXT-016; TST-DATA-EXT-004,E2E-DEMO-000,COMPLETE_V2.1.3
DEMO-EXT-003,Atualizar previsão pelo fornecedor,DEMO-MUST,WP-DEMO-EXT-003,G5_EXTERNAL,EXTERNAL_SUPPLIER,UI-DEMO-SUPPLIER,UpdateCompletionForecast,updateForecastExternal,,UPDATE_COMPLETION_FORECAST,completion_forecast; external_token_usage; idempotency_record,CompletionForecastUpdated,,TST-API-POLICY-001; TST-API-POLICY-010; TST-API-UPDATE-FORECAST-EXTERNAL-001; TST-AUTH-EXT-005; TST-AUTH-EXT-007; TST-AUTH-EXT-008; TST-AUTH-EXT-010; TST-AUTH-EXT-015; TST-AUTH-EXT-016; TST-DATA-EXT-003; TST-DATA-EXT-005; TST-DATA-FORECAST-001; TST-SM-CROSS-011; TST-SM-CROSS-014; TST-SM-STOP-001; TST-SM-STOP-002; TST-SM-STOP-003; TST-SM-STOP-004; TST-SM-STOP-005; TST-SM-STOP-006; TST-SM-STOP-007; TST-SM-STOP-008; TST-SM-STOP-009; TST-SM-STOP-010; TST-SM-STOP-011,E2E-DEMO-000; E2E-DEMO-001,COMPLETE_V2.1.3
DEMO-CLOCK-001,Avançar relógio,DEMO-MUST,WP-DEMO-CLOCK-001,G4_TIME_COMMUNICATION,DEMO_ADMIN; SYSTEM,UI-DEMO-ADMIN,AdvanceDemoClock,advanceDemoClock,,demo.advance_clock,demo_clock; background_job,DemoClockAdvanced,,TST-API-ADVANCE-DEMO-CLOCK-001; TST-API-POLICY-001,E2E-DEMO-000; E2E-DEMO-001,COMPLETE_V2.1.3
DEMO-ALERT-001,Criar alerta de inatividade,DEMO-MUST,WP-DEMO-ALERT-001,G4_TIME_COMMUNICATION,SYSTEM,UI-DEMO-DASHBOARD; UI-DEMO-STOP,EvaluateStopInactivity,,,alert.evaluate_inactivity,alert; alert_occurrence; background_job,AlertCreated,,TST-DATA-ALERT-001; TST-SM-ALERT-001; TST-SM-ALERT-002; TST-SM-ALERT-003; TST-SM-CROSS-013,E2E-DEMO-000; E2E-DEMO-001,COMPLETE_V2.1.3
DEMO-ALERT-002,Deduplicar alerta,TECHNICAL-SUPPORT,WP-DEMO-ALERT-002,G4_TIME_COMMUNICATION,SYSTEM,UI-DEMO-DASHBOARD; UI-DEMO-STOP,EvaluateStopInactivity,,,alert.evaluate_inactivity,alert; alert_occurrence,AlertOccurrenceAdded,,TST-DATA-ALERT-001; TST-DATA-ALERT-003; TST-SM-ALERT-001; TST-SM-ALERT-002; TST-SM-ALERT-003; TST-SM-CROSS-013,E2E-DEMO-001,COMPLETE_V2.1.3
DEMO-ALERT-003,Resolver alerta por atualização,DEMO-MUST,WP-DEMO-ALERT-003,G4_TIME_COMMUNICATION,SYSTEM; EXTERNAL_SUPPLIER,UI-DEMO-DASHBOARD; UI-DEMO-STOP; UI-DEMO-SUPPLIER,ResolveStopNoUpdateAlert,,,alert.resolve_no_update,alert; alert_state_history; completion_forecast,CompletionForecastUpdated; AlertResolved,,TST-DATA-ALERT-002; TST-SM-ALERT-001; TST-SM-ALERT-002; TST-SM-ALERT-003; TST-SM-CROSS-017,E2E-DEMO-000; E2E-DEMO-001,COMPLETE_V2.1.3
DEMO-COM-001,Receber e-mail fictício,DEMO-MUST,WP-DEMO-COM-001,G4_TIME_COMMUNICATION,FAKE_EMAIL_ADAPTER; SYSTEM,UI-DEMO-COMMUNICATION,ReceiveInboundEmail,receiveDemoEmail,,integration.receive_demo_email,integration_inbox; conversation; communication,InboundCommunicationReceived,,TST-API-POLICY-001; TST-API-RECEIVE-DEMO-EMAIL-001; TST-AUTH-ADAPTER-001; TST-AUTH-ADAPTER-002; TST-AUTH-ADAPTER-003; TST-AUTH-ADAPTER-004; TST-DATA-INBOX-001,E2E-DEMO-003,COMPLETE_V2.1.3
DEMO-COM-002,Sugerir vínculo,DEMO-MUST,WP-DEMO-COM-002,G4_TIME_COMMUNICATION,SYSTEM,UI-DEMO-COMMUNICATION,SuggestConversationCaseLink,,,internal system policy,conversation; conversation_case_link,ConversationCaseLinkSuggested,,TST-AUTH-ADAPTER-001,E2E-DEMO-003,COMPLETE_V2.1.3
DEMO-COM-003,Confirmar vínculo,DEMO-MUST,WP-DEMO-COM-003,G4_TIME_COMMUNICATION,DEMO_ATTENDANT; DEMO_OPERATIONS_ANALYST; DEMO_SUPERVISOR,UI-DEMO-COMMUNICATION,ConfirmConversationCaseLink,confirmConversationCaseLink,,communication.link_case,conversation; conversation_case_link,CommunicationLinked,,TST-API-CONFIRM-CONVERSATION-CASE-LINK-001; TST-API-POLICY-001,E2E-DEMO-003,COMPLETE_V2.1.3
DEMO-COM-004,Registrar ligação,DEMO-MUST,WP-DEMO-COM-004,G4_TIME_COMMUNICATION,DEMO_ATTENDANT; DEMO_OPERATIONS_ANALYST; DEMO_SUPERVISOR,UI-DEMO-PHONE-CALL; UI-DEMO-COMMUNICATION,RecordPhoneCall,recordPhoneCall,,communication.record_phone_call,phone_call,PhoneCallRecorded,,TST-API-POLICY-001; TST-API-RECORD-PHONE-CALL-001; TST-DATA-EVT-006,E2E-DEMO-000,COMPLETE_V2.1.3
DEMO-STOP-007,Concluir serviço,DEMO-MUST,WP-DEMO-STOP-007,G2_DOMAIN,DEMO_OPERATIONS_ANALYST; DEMO_SUPERVISOR,UI-DEMO-STOP,CompleteService,completeService,,stop.complete_service,vehicle_stop; stop_state_history,ServiceCompleted,,TST-API-COMPLETE-SERVICE-001; TST-API-POLICY-001; TST-DATA-STOP-002; TST-DATA-STOP-003; TST-DATA-STOP-004; TST-SM-CROSS-007; TST-SM-CROSS-008; TST-SM-STOP-001; TST-SM-STOP-002; TST-SM-STOP-003; TST-SM-STOP-004; TST-SM-STOP-005; TST-SM-STOP-006; TST-SM-STOP-007; TST-SM-STOP-008; TST-SM-STOP-009; TST-SM-STOP-010; TST-SM-STOP-011,E2E-DEMO-000; E2E-DEMO-005,COMPLETE_V2.1.3
DEMO-STOP-008,Liberar veículo,DEMO-MUST,WP-DEMO-STOP-008,G2_DOMAIN,DEMO_OPERATIONS_ANALYST; DEMO_SUPERVISOR,UI-DEMO-STOP,ReleaseVehicle,releaseVehicle,,stop.release_vehicle,vehicle_stop; stop_state_history,VehicleReleased,,TST-API-POLICY-001; TST-API-RELEASE-VEHICLE-001; TST-DATA-STOP-002; TST-DATA-STOP-004; TST-DATA-STOP-005; TST-SM-CROSS-008; TST-SM-STOP-001; TST-SM-STOP-002; TST-SM-STOP-003; TST-SM-STOP-004; TST-SM-STOP-005; TST-SM-STOP-006; TST-SM-STOP-007; TST-SM-STOP-008; TST-SM-STOP-009; TST-SM-STOP-010; TST-SM-STOP-011,E2E-DEMO-000; E2E-DEMO-005,COMPLETE_V2.1.3
DEMO-EXT-004,Emitir acesso de condutor,DEMO-MUST,WP-DEMO-EXT-004,G5_EXTERNAL,DEMO_ATTENDANT; DEMO_OPERATIONS_ANALYST; DEMO_SUPERVISOR,UI-DEMO-STOP,IssueDriverAccess,issueDriverAccess,,external_access.issue_driver,external_action_token; external_action_capability,ExternalAccessTokenIssued,,TST-API-ISSUE-DRIVER-ACCESS-001; TST-API-POLICY-010; TST-AUTH-EXT-001; TST-AUTH-EXT-002; TST-AUTH-EXT-009; TST-AUTH-EXT-012; TST-DATA-EXT-001; TST-DATA-EXT-002,E2E-DEMO-000; E2E-DEMO-005,COMPLETE_V2.1.3
DEMO-EXT-005,Consultar contexto mínimo do condutor,DEMO-MUST,WP-DEMO-EXT-005,G5_EXTERNAL,EXTERNAL_DRIVER,UI-DEMO-DRIVER,,createExternalSession; getExternalContext,,VIEW_DRIVER_CONTEXT,external_session; external_action_token; external_action_capability,,,TST-API-CREATE-EXTERNAL-SESSION-001; TST-API-GET-EXTERNAL-CONTEXT-001; TST-API-POLICY-001; TST-API-POLICY-008; TST-API-POLICY-010; TST-AUTH-EXT-003; TST-AUTH-EXT-004; TST-AUTH-EXT-006; TST-AUTH-EXT-008; TST-AUTH-EXT-011; TST-AUTH-EXT-012; TST-AUTH-EXT-014; TST-AUTH-EXT-015; TST-AUTH-EXT-016; TST-DATA-EXT-004; TST-SM-CROSS-015,E2E-DEMO-000; E2E-DEMO-005,COMPLETE_V2.1.3
DEMO-STOP-009,Confirmar retirada pelo condutor,DEMO-MUST,WP-DEMO-STOP-009,G5_EXTERNAL,EXTERNAL_DRIVER; SYSTEM,UI-DEMO-DRIVER,ConfirmDeparture,confirmDepartureExternal,,CONFIRM_DEPARTURE,departure_confirmation; vehicle_stop; external_token_usage,DepartureConfirmed; ExternalAccessTokenRevoked,,TST-API-CONFIRM-DEPARTURE-EXTERNAL-001; TST-API-POLICY-001; TST-API-POLICY-010; TST-AUTH-EXT-006; TST-AUTH-EXT-007; TST-AUTH-EXT-010; TST-AUTH-EXT-015; TST-AUTH-EXT-016; TST-DATA-EXT-003; TST-DATA-EXT-005; TST-DATA-STOP-002; TST-DATA-STOP-003; TST-DATA-STOP-005; TST-DATA-STOP-007; TST-SM-CROSS-004; TST-SM-CROSS-007; TST-SM-CROSS-009; TST-SM-CROSS-015; TST-SM-STOP-001; TST-SM-STOP-002; TST-SM-STOP-003; TST-SM-STOP-004; TST-SM-STOP-005; TST-SM-STOP-006; TST-SM-STOP-007; TST-SM-STOP-008; TST-SM-STOP-009; TST-SM-STOP-010; TST-SM-STOP-011,E2E-DEMO-000; E2E-DEMO-005,COMPLETE_V2.1.3
DEMO-STOP-010,Fechar parada,DEMO-MUST,WP-DEMO-STOP-010,G2_DOMAIN,DEMO_OPERATIONS_ANALYST; DEMO_SUPERVISOR,UI-DEMO-STOP,CloseVehicleStop,closeVehicleStop,,stop.close,vehicle_stop; stop_state_history; security_audit_record,VehicleStopClosed; ExternalAccessTokenRevoked,,TST-API-CLOSE-VEHICLE-STOP-001; TST-API-POLICY-001; TST-DATA-STOP-002; TST-DATA-STOP-006; TST-SM-CROSS-001; TST-SM-CROSS-004; TST-SM-CROSS-005; TST-SM-CROSS-006; TST-SM-CROSS-017; TST-SM-STOP-001; TST-SM-STOP-002; TST-SM-STOP-003; TST-SM-STOP-004; TST-SM-STOP-005; TST-SM-STOP-006; TST-SM-STOP-007; TST-SM-STOP-008; TST-SM-STOP-009; TST-SM-STOP-010; TST-SM-STOP-011,E2E-DEMO-000; E2E-DEMO-005,COMPLETE_V2.1.3
DEMO-EVT-001,Persistência transacional,TECHNICAL-SUPPORT,WP-DEMO-EVT-001,G2_DOMAIN,SYSTEM,,,,SET-API-DOMAIN-EVENT-MUTATIONS,outbox.publish,domain_event; integration_outbox; idempotency_record; case_state_history; task_state_history; stop_state_history; alert_state_history,,SET-EVT-ALL-V2,TST-API-POLICY-003; TST-API-POLICY-004; TST-API-POLICY-005; TST-API-POLICY-006; TST-AUTH-EXT-010; TST-AUTH-EXT-011; TST-DATA-EVT-001; TST-DATA-EVT-002; TST-DATA-EVT-003; TST-DATA-EVT-005; TST-DATA-EVT-006; TST-DATA-EXT-005; TST-EVT-CONTRACT-001; TST-EVT-CONTRACT-002; TST-EVT-CONTRACT-003; TST-EVT-CONTRACT-004; TST-EVT-CONTRACT-005; TST-EVT-CONTRACT-006; TST-EVT-CONTRACT-007; TST-EVT-CONTRACT-010; TST-EVT-CONTRACT-012; TST-SM-CROSS-018,,COMPLETE_V2.1.3
DEMO-EVT-002,Consumo idempotente,TECHNICAL-SUPPORT,WP-DEMO-EVT-002,G2_DOMAIN,SYSTEM_WORKER,,,,,project.timeline; project.case_view; project.stop_view; project.search; project.metrics; outbox.publish,consumer_receipt; integration_outbox; background_job; dead_letter_message; demo_generation; demo_runtime_control; worker_lease,,SET-EVT-ALL-V2,TST-DATA-ALERT-003; TST-DATA-DLQ-001; TST-DATA-EVT-004; TST-DATA-INBOX-001; TST-DATA-RESET-004; TST-EVT-CONTRACT-008; TST-EVT-CONTRACT-009; TST-EVT-CONTRACT-011,,COMPLETE_V2.1.3
DEMO-TIMELINE-001,Timeline de caso e parada,DEMO-MUST,WP-DEMO-TIMELINE-001,G3_PROJECTIONS,DEMO_ATTENDANT; DEMO_OPERATIONS_ANALYST; DEMO_SUPERVISOR; DEMO_MANAGER; SYSTEM_WORKER,UI-DEMO-TIMELINE,,getCaseTimeline; getStopTimeline,,timeline.read; project.timeline,timeline_entry,,SET-EVT-TIMELINE-V2,TST-API-GET-CASE-TIMELINE-001; TST-API-GET-STOP-TIMELINE-001,E2E-DEMO-000; E2E-DEMO-002; E2E-DEMO-003,COMPLETE_V2.1.3
DEMO-TIMELINE-002,Preservar correções,TECHNICAL-SUPPORT,WP-DEMO-TIMELINE-002,G3_PROJECTIONS,DEMO_SUPERVISOR; SYSTEM_WORKER,UI-DEMO-TIMELINE,CorrectArrival,correctArrival,,stop.correct_arrival; project.timeline,arrival_report; arrival_confirmation; timeline_entry,ArrivalReported; ArrivalConfirmed; ArrivalCorrected,,TST-API-CORRECT-ARRIVAL-001; TST-API-POLICY-001; TST-DATA-ARRIVAL-001; TST-EVT-CONTRACT-009; TST-SM-ARRIVAL-005; TST-SM-CROSS-012,E2E-DEMO-002,COMPLETE_V2.1.3
DEMO-AUDIT-001,Auditoria mínima,TECHNICAL-SUPPORT,WP-DEMO-AUDIT-001,G1_FOUNDATION,SYSTEM,,,,SET-API-SENSITIVE-AUDITED,automatic security audit policy,security_audit_record,,,TST-AUDIT-001; TST-AUDIT-002; TST-AUDIT-003; TST-AUTH-EXT-002; TST-DATA-RESET-003,,COMPLETE_V2.1.3
